month,cash_lakh_cr,mom_pct,yoy_pct,cash_with_banks_lakh_cr,cash_share_of_money_pct,event
2022-04-01,32.09,,,1.16,15.5,
2022-05-01,32.26,0.52,,1.08,15.6,
2022-06-01,32.27,0.02,,1.23,15.62,
2022-07-01,31.85,-1.3,,1.21,15.14,
2022-08-01,31.83,-0.05,,1.21,15.12,
2022-09-01,31.67,-0.51,,1.22,15.03,
2022-10-01,32.18,1.62,,1.3,15.11,Diwali (24 Oct)
2022-11-01,32.18,0.0,,1.25,15.04,
2022-12-01,32.33,0.44,,1.1,14.79,
2023-01-01,32.92,1.83,,1.22,15.03,
2023-02-01,33.32,1.21,,1.09,15.08,
2023-03-01,33.79,1.41,,1.02,15.12,
2023-04-01,34.55,2.28,7.67,1.09,15.23,
2023-05-01,34.78,0.67,7.83,1.07,15.28,₹2000 notes withdrawn (19 May)
2023-06-01,33.6,-3.39,4.14,1.26,14.35,
2023-07-01,33.25,-1.07,4.39,1.09,14.2,
2023-08-01,33.1,-0.44,3.98,1.05,14.1,
2023-09-01,33.02,-0.25,4.26,1.06,14.05,
2023-10-01,33.04,0.07,2.66,1.02,13.92,
2023-11-01,33.56,1.57,4.27,1.01,14.02,Diwali (12 Nov)
2023-12-01,33.63,0.21,4.03,1.07,13.8,
2024-01-01,34.19,1.67,3.87,0.96,14.0,
2024-02-01,34.56,1.09,3.75,0.95,14.05,
2024-03-01,35.11,1.59,3.93,1.01,14.08,
2024-04-01,35.67,1.57,3.22,1.12,14.12,General election (19 Apr – 1 Jun)
2024-05-01,35.71,0.13,2.67,1.03,13.95,
2024-06-01,35.63,-0.23,6.03,1.17,13.81,
2024-07-01,35.37,-0.72,6.4,1.11,13.78,
2024-08-01,35.13,-0.69,6.13,1.08,13.63,
2024-09-01,34.91,-0.64,5.71,0.98,13.45,
2024-10-01,35.18,0.8,6.49,1.03,13.38,
2024-11-01,35.47,0.81,5.7,1.03,13.38,Diwali (1 Nov)
2024-12-01,35.61,0.4,5.89,1.01,13.4,
2025-01-01,36.0,1.09,5.29,0.96,13.49,
2025-02-01,36.51,1.43,5.64,0.94,13.57,
2025-03-01,37.24,2.0,6.07,0.94,13.65,
2025-04-01,37.87,1.69,6.19,0.94,13.71,
2025-05-01,38.36,1.28,7.4,0.99,13.7,
2025-06-01,38.21,-0.38,7.25,0.99,13.54,
2025-07-01,38.02,-0.51,7.48,0.94,13.51,
2025-08-01,38.11,0.25,8.5,0.96,13.46,
2025-09-01,38.0,-0.3,8.87,0.93,13.4,
2025-10-01,38.2,0.53,8.58,1.0,13.17,Diwali (20 Oct)
2025-11-01,38.67,1.22,9.02,0.95,13.27,
2025-12-01,39.24,1.47,10.17,0.95,13.17,
2026-01-01,40.01,1.97,11.14,0.92,13.38,
2026-02-01,40.75,1.86,11.61,0.87,13.45,
2026-03-01,41.66,2.21,11.84,1.0,13.24,
2026-04-01,42.54,2.12,12.31,0.93,13.65,
2026-05-01,43.02,1.12,12.14,0.84,13.72,
