fiscal_year,fy_start,cash_lakh_cr,gdp_lakh_cr,cash_to_gdp_pct,cash_growth_pct,gdp_growth_pct,cash_share_of_money_pct,cash_per_person_rupees,event
2010-11,2010,9.5,74.15,12.81,,,14.6,7637.0,
2011-12,2011,10.67,84.85,12.58,12.4,14.4,14.45,8462.0,
2012-13,2012,11.91,96.58,12.33,11.6,13.8,14.2,9314.0,
2013-14,2013,13.01,109.11,11.92,9.2,13.0,13.67,10040.0,
2014-15,2014,14.48,121.1,11.96,11.3,11.0,13.73,11037.0,
2015-16,2015,16.63,133.76,12.44,14.9,10.5,14.32,12526.0,
2016-17,2016,13.35,149.49,8.93,-19.7,11.8,10.44,9935.0,Demonetisation: ₹500/₹1000 notes withdrawn (Nov 2016); UPI launched (Apr 2016)
2017-18,2017,18.29,165.99,11.02,37.0,11.0,13.1,13454.0,
2018-19,2018,21.37,183.56,11.64,16.8,10.6,13.85,15544.0,
2019-20,2019,24.47,195.26,12.53,14.5,6.4,14.57,17619.0,
2020-21,2020,28.54,192.83,14.8,16.6,-1.2,15.14,20346.0,COVID-19 lockdowns
2021-22,2021,31.34,229.19,13.67,9.8,18.9,15.29,22159.0,
2022-23,2022,33.79,261.18,12.94,7.8,14.0,15.12,23702.0,
2023-24,2023,35.11,289.84,12.12,3.9,11.0,14.08,24418.0,₹2000 notes withdrawn (May 2023)
2024-25,2024,37.24,318.07,11.71,6.1,9.7,13.65,25669.0,
2025-26,2025,41.66,346.36,12.03,11.8,8.9,13.24,28456.0,
