month,forecast,low_80,high_80
2026-06-01,42.73741555142175,42.44435554180562,43.03249901428955
2026-07-01,42.5093629183507,42.10878924484395,42.91374718035417
2026-08-01,42.5585886516319,42.04903867803547,43.074313348450424
2026-09-01,42.530257346216835,41.91053465507454,43.15914375280866
2026-10-01,42.992580107395426,42.251247971931576,43.74691951155431
2026-11-01,43.52805755755271,42.657546163448096,44.416333454199545
2026-12-01,43.949129091164586,42.94524635236869,44.976478468036866
2027-01-01,44.81312019357829,43.65814546961416,45.99864973380059
2027-02-01,45.580634102228856,44.26829687304187,46.93187567436017
2027-03-01,46.54928611885836,45.0645794757935,48.08290820375365
2027-04-01,47.58388776259351,45.914534273180294,49.313935346300184
2027-05-01,48.08239292540834,46.23843629797593,49.99988525854542
