fiscal_year,fy_start,code,system,volume_bn,value_lakh_cr,category,share_of_volume_pct,share_of_value_pct,avg_ticket_rupees,volume_growth_pct,volume_rank
2021-22,2021,2.7,UPI,45.9561,84.159,UPI,63.23,4.65,1831.0,,1
2021-22,2021,5,Prepaid Payment Instruments,6.5783,2.79416,Prepaid wallets & cards,9.05,0.15,425.0,,2
2021-22,2021,2.4,IMPS,4.6625,41.71037,"Bank transfers (RTGS, NEFT, IMPS)",6.42,2.3,8946.0,,3
2021-22,2021,2.6,NEFT,4.0407,287.25463,"Bank transfers (RTGS, NEFT, IMPS)",5.56,15.87,71090.0,,4
2021-22,2021,4.2,Debit Cards,3.9384,7.30213,Cards,5.42,0.4,1854.0,,5
2021-22,2021,4.1,Credit Cards,2.2399,9.71638,Cards,3.08,0.54,4338.0,,6
2021-22,2021,2.5,NACH Cr,1.8758,12.81685,"Bulk & direct debits (NACH, APBS)",2.58,0.71,6833.0,,7
2021-22,2021,2.2,APBS,1.2573,1.33345,"Bulk & direct debits (NACH, APBS)",1.73,0.07,1061.0,,8
2021-22,2021,3.3,NACH Dr,1.0755,10.26641,"Bulk & direct debits (NACH, APBS)",1.48,0.57,9546.0,,9
2021-22,2021,6,Paper-based Instruments,0.6999,66.50333,Cheques,0.96,3.67,95018.0,,10
2021-22,2021,1,Large Value Credit Transfers - RTGS,0.2078,1286.57516,"Bank transfers (RTGS, NEFT, IMPS)",0.29,71.06,6191411.0,,11
2021-22,2021,3.4,NETC (linked to bank account),0.1207,0.01689,Other,0.17,0.0,140.0,,12
2021-22,2021,3.1,BHIM Aadhaar Pay,0.0228,0.06113,Other,0.03,0.0,2681.0,,13
2021-22,2021,2.1,AePS (Fund Transfers),0.001,0.00575,Other,0.0,0.0,5750.0,,14
2021-22,2021,2.3,ECS Cr,0.0,0.0,Other,0.0,0.0,,,15
2021-22,2021,3.2,ECS Dr,0.0,0.0,Other,0.0,0.0,,,15
2022-23,2022,2.7,UPI,83.7144,139.14932,UPI,73.02,6.45,1662.0,82.2,1
2022-23,2022,5,Prepaid Payment Instruments,7.4667,2.87111,Prepaid wallets & cards,6.51,0.13,385.0,13.5,2
2022-23,2022,2.4,IMPS,5.6533,55.85441,"Bank transfers (RTGS, NEFT, IMPS)",4.93,2.59,9880.0,21.3,3
2022-23,2022,2.6,NEFT,5.2847,337.19541,"Bank transfers (RTGS, NEFT, IMPS)",4.61,15.62,63806.0,30.8,4
2022-23,2022,4.2,Debit Cards,3.4179,7.19989,Cards,2.98,0.33,2107.0,-13.2,5
2022-23,2022,4.1,Credit Cards,2.9145,14.32255,Cards,2.54,0.66,4914.0,30.1,6
2022-23,2022,2.5,NACH Cr,1.9257,15.41815,"Bulk & direct debits (NACH, APBS)",1.68,0.71,8007.0,2.7,7
2022-23,2022,2.2,APBS,1.7834,2.47535,"Bulk & direct debits (NACH, APBS)",1.56,0.11,1388.0,41.8,8
2022-23,2022,3.3,NACH Dr,1.3503,12.80219,"Bulk & direct debits (NACH, APBS)",1.18,0.59,9481.0,25.6,9
2022-23,2022,6,Paper-based Instruments,0.7109,71.72904,Cheques,0.62,3.32,100899.0,1.6,10
2022-23,2022,1,Large Value Credit Transfers - RTGS,0.2426,1499.46286,"Bank transfers (RTGS, NEFT, IMPS)",0.21,69.47,6180803.0,16.7,11
2022-23,2022,3.4,NETC (linked to bank account),0.1626,0.02601,Other,0.14,0.0,160.0,34.7,12
2022-23,2022,3.1,BHIM Aadhaar Pay,0.0214,0.06791,Other,0.02,0.0,3173.0,-6.1,13
2022-23,2022,2.1,AePS (Fund Transfers),0.0006,0.00356,Other,0.0,0.0,5933.0,-40.0,14
2022-23,2022,2.3,ECS Cr,0.0,0.0,Other,0.0,0.0,,,15
2022-23,2022,3.2,ECS Dr,0.0,0.0,Other,0.0,0.0,,,15
2023-24,2023,2.7,UPI,131.1295,199.95086,UPI,79.43,8.0,1525.0,56.6,1
2023-24,2023,5,Prepaid Payment Instruments,7.8775,2.83048,Prepaid wallets & cards,4.77,0.11,359.0,5.5,2
2023-24,2023,2.6,NEFT,7.264,391.36014,"Bank transfers (RTGS, NEFT, IMPS)",4.4,15.65,53877.0,37.5,3
2023-24,2023,2.4,IMPS,6.0053,64.95652,"Bank transfers (RTGS, NEFT, IMPS)",3.64,2.6,10817.0,6.2,4
2023-24,2023,4.1,Credit Cards,3.561,18.31134,Cards,2.16,0.73,5142.0,22.2,5
2023-24,2023,2.2,APBS,2.5888,3.90743,"Bulk & direct debits (NACH, APBS)",1.57,0.16,1509.0,45.2,6
2023-24,2023,4.2,Debit Cards,2.286,5.92429,Cards,1.38,0.24,2592.0,-33.1,7
2023-24,2023,3.3,NACH Dr,1.6426,16.78769,"Bulk & direct debits (NACH, APBS)",0.99,0.67,10220.0,21.6,8
2023-24,2023,2.5,NACH Cr,1.6227,15.25104,"Bulk & direct debits (NACH, APBS)",0.98,0.61,9399.0,-15.7,9
2023-24,2023,6,Paper-based Instruments,0.6632,72.12333,Cheques,0.4,2.88,108750.0,-6.7,10
2023-24,2023,1,Large Value Credit Transfers - RTGS,0.27,1708.8667,"Bank transfers (RTGS, NEFT, IMPS)",0.16,68.34,6329136.0,11.3,11
2023-24,2023,3.4,NETC (linked to bank account),0.1629,0.02777,Other,0.1,0.0,170.0,0.2,12
2023-24,2023,3.1,BHIM Aadhaar Pay,0.0194,0.06112,Other,0.01,0.0,3151.0,-9.3,13
2023-24,2023,2.1,AePS (Fund Transfers),0.0004,0.00261,Other,0.0,0.0,6525.0,-33.3,14
2023-24,2023,2.3,ECS Cr,0.0,0.0,Other,0.0,0.0,,,15
2023-24,2023,3.2,ECS Dr,0.0,0.0,Other,0.0,0.0,,,15
2024-25,2024,2.7,UPI,185.866,260.56955,UPI,83.5,8.88,1402.0,41.7,1
2024-25,2024,2.6,NEFT,9.6198,444.61464,"Bank transfers (RTGS, NEFT, IMPS)",4.32,15.15,46219.0,32.4,2
2024-25,2024,5,Prepaid Payment Instruments,7.0254,2.16751,Prepaid wallets & cards,3.16,0.07,309.0,-10.8,3
2024-25,2024,2.4,IMPS,5.625,71.3911,"Bank transfers (RTGS, NEFT, IMPS)",2.53,2.43,12692.0,-6.3,4
2024-25,2024,4.1,Credit Cards,4.7741,21.09197,Cards,2.14,0.72,4418.0,34.1,5
2024-25,2024,2.2,APBS,3.2964,5.54034,"Bulk & direct debits (NACH, APBS)",1.48,0.19,1681.0,27.3,6
2024-25,2024,3.3,NACH Dr,1.9762,21.99327,"Bulk & direct debits (NACH, APBS)",0.89,0.75,11129.0,20.3,7
2024-25,2024,2.5,NACH Cr,1.6939,16.70223,"Bulk & direct debits (NACH, APBS)",0.76,0.57,9860.0,4.4,8
2024-25,2024,4.2,Debit Cards,1.612,4.95914,Cards,0.72,0.17,3076.0,-29.5,9
2024-25,2024,6,Paper-based Instruments,0.6095,71.1335,Cheques,0.27,2.42,116708.0,-8.1,10
2024-25,2024,1,Large Value Credit Transfers - RTGS,0.3025,2013.87682,"Bank transfers (RTGS, NEFT, IMPS)",0.14,68.64,6657444.0,12.0,11
2024-25,2024,3.4,NETC (linked to bank account),0.1668,0.02349,Other,0.07,0.0,141.0,2.4,12
2024-25,2024,3.1,BHIM Aadhaar Pay,0.023,0.06907,Other,0.01,0.0,3003.0,18.6,13
2024-25,2024,2.1,AePS (Fund Transfers),0.0004,0.0019,Other,0.0,0.0,4750.0,0.0,14
2024-25,2024,3.2,ECS Dr,0.0,0.0,Other,0.0,0.0,,,15
2024-25,2024,2.3,ECS Cr,0.0,0.0,Other,0.0,0.0,,,15
2025-26,2025,2.7,UPI,241.6169,314.2325,UPI,85.59,9.46,1301.0,30.0,1
2025-26,2025,2.6,NEFT,10.0996,502.26505,"Bank transfers (RTGS, NEFT, IMPS)",3.58,15.12,49731.0,5.0,2
2025-26,2025,5,Prepaid Payment Instruments,9.8699,2.86429,Prepaid wallets & cards,3.5,0.09,290.0,40.5,3
2025-26,2025,4.1,Credit Cards,6.0238,23.62471,Cards,2.13,0.71,3922.0,26.2,4
2025-26,2025,2.4,IMPS,4.9431,76.69929,"Bank transfers (RTGS, NEFT, IMPS)",1.75,2.31,15516.0,-12.1,5
2025-26,2025,2.2,APBS,3.3854,7.1704,"Bulk & direct debits (NACH, APBS)",1.2,0.22,2118.0,2.7,6
2025-26,2025,3.3,NACH Dr,2.1614,26.87459,"Bulk & direct debits (NACH, APBS)",0.77,0.81,12434.0,9.4,7
2025-26,2025,2.5,NACH Cr,1.8284,19.02293,"Bulk & direct debits (NACH, APBS)",0.65,0.57,10404.0,7.9,8
2025-26,2025,4.2,Debit Cards,1.2802,4.45475,Cards,0.45,0.13,3480.0,-20.6,9
2025-26,2025,6,Paper-based Instruments,0.5588,71.47568,Cheques,0.2,2.15,127909.0,-8.3,10
2025-26,2025,1,Large Value Credit Transfers - RTGS,0.35,2273.72648,"Bank transfers (RTGS, NEFT, IMPS)",0.12,68.43,6496361.0,15.7,11
2025-26,2025,3.4,NETC (linked to bank account),0.1625,0.02157,Other,0.06,0.0,133.0,-2.6,12
2025-26,2025,3.1,BHIM Aadhaar Pay,0.0232,0.07739,Other,0.01,0.0,3336.0,0.9,13
2025-26,2025,2.1,AePS (Fund Transfers),0.0003,0.0017,Other,0.0,0.0,5667.0,-25.0,14
2025-26,2025,2.3,ECS Cr,0.0,0.0,Other,0.0,0.0,,,15
2025-26,2025,3.2,ECS Dr,0.0,0.0,Other,0.0,0.0,,,15
