month,cic,cash_with_banks,currency_with_public,other_deposits_rbi,bankers_deposits_rbi,demand_deposits,time_deposits,reserve_money,m1,m3
2022-04-01,3209394.0,116236.0,3093159.0,57568.0,735349.0,2135459.0,15425862.0,4002311.0,5286186.0,20712048.0
2022-05-01,3226000.0,108039.0,3117960.0,53828.0,863500.0,2126310.0,15384209.0,4143328.0,5298098.0,20682307.0
2022-06-01,3226788.0,122637.0,3104151.0,54355.0,856083.0,2087340.0,15417971.0,4137226.0,5245846.0,20663817.0
2022-07-01,3184715.0,120969.0,3063746.0,57244.0,892045.0,2183209.0,15728149.0,4134003.0,5304199.0,21032348.0
2022-08-01,3183219.0,120740.0,3062479.0,57189.0,819173.0,2163987.0,15767768.0,4059581.0,5283655.0,21051423.0
2022-09-01,3167073.0,122480.0,3044594.0,62544.0,822550.0,2120902.0,15844856.0,4052168.0,5228040.0,21072896.0
2022-10-01,3218315.0,129561.0,3088753.0,70001.0,850449.0,2167214.0,15975981.0,4138765.0,5325968.0,21301949.0
2022-11-01,3218425.0,124807.0,3093618.0,70709.0,869931.0,2192060.0,16043534.0,4159065.0,5356388.0,21399921.0
2022-12-01,3232652.0,110416.0,3122236.0,62932.0,899777.0,2341936.0,16332131.0,4195361.0,5527104.0,21859235.0
2023-01-01,3291782.0,122062.0,3169720.0,63821.0,870956.0,2296792.0,16364701.0,4226559.0,5530333.0,21895034.0
2023-02-01,3331612.0,108875.0,3222737.0,64129.0,854816.0,2292581.0,16513885.0,4250557.0,5579447.0,22093331.0
2023-03-01,3378521.0,102085.0,3276436.0,77761.0,930477.0,2320598.0,16668966.0,4386759.0,5674795.0,22343760.0
2023-04-01,3455403.0,108917.0,3346486.0,68309.0,897580.0,2281765.0,16986639.0,4421292.0,5696560.0,22683199.0
2023-05-01,3478479.0,107088.0,3371391.0,67994.0,913455.0,2260902.0,17066523.0,4459928.0,5700287.0,22766810.0
2023-06-01,3360417.0,125809.0,3234608.0,78680.0,931226.0,2590246.0,17521213.0,4370324.0,5903535.0,23424748.0
2023-07-01,3324563.0,108660.0,3215903.0,71123.0,959639.0,2398078.0,17724850.0,4355324.0,5685104.0,23409955.0
2023-08-01,3310065.0,104763.0,3205302.0,71887.0,1073614.0,2351355.0,17844160.0,4455566.0,5628545.0,23472705.0
2023-09-01,3301863.0,105887.0,3195976.0,72741.0,1021317.0,2344131.0,17891449.0,4395920.0,5612848.0,23504298.0
2023-10-01,3304061.0,102379.0,3201682.0,72940.0,978509.0,2390414.0,18074897.0,4355510.0,5665036.0,23739933.0
2023-11-01,3355800.0,101001.0,3254799.0,74364.0,973005.0,2449084.0,18156731.0,4403169.0,5778247.0,23934978.0
2023-12-01,3362995.0,106881.0,3256115.0,81051.0,1001281.0,2580490.0,18459622.0,4445327.0,5917655.0,24377277.0
2024-01-01,3419207.0,95801.0,3323406.0,80411.0,994201.0,2497829.0,18516165.0,4493820.0,5901646.0,24417811.0
2024-02-01,3456463.0,94830.0,3361633.0,83819.0,971038.0,2510518.0,18650930.0,4511319.0,5955970.0,24606900.0
2024-03-01,3511461.0,101185.0,3410276.0,94536.0,1025449.0,2586888.0,18848160.0,4631446.0,6091700.0,24939860.0
2024-04-01,3566568.0,112314.0,3454255.0,86352.0,1007174.0,2606729.0,19112622.0,4660094.0,6147336.0,25259958.0
2024-05-01,3571371.0,102572.0,3468799.0,91169.0,1014134.0,2651468.0,19398657.0,4676674.0,6211436.0,25610093.0
2024-06-01,3563002.0,116948.0,3446055.0,95766.0,1036368.0,2746237.0,19503047.0,4695137.0,6288057.0,25791104.0
2024-07-01,3537180.0,111091.0,3426089.0,91225.0,1039059.0,2587413.0,19568786.0,4667464.0,6104726.0,25673513.0
2024-08-01,3512941.0,108200.0,3404741.0,91822.0,1023595.0,2588482.0,19698002.0,4628359.0,6085046.0,25783048.0
2024-09-01,3490538.0,98253.0,3392284.0,94085.0,1018975.0,2640984.0,19826970.0,4603598.0,6127353.0,25954324.0
2024-10-01,3518394.0,103162.0,3415233.0,98292.0,1047801.0,2687986.0,20087772.0,4664487.0,6201510.0,26289282.0
2024-11-01,3546969.0,102752.0,3444217.0,102993.0,1087967.0,2718636.0,20251544.0,4737929.0,6265846.0,26517391.0
2024-12-01,3561202.0,101225.0,3459977.0,101629.0,1000260.0,2710713.0,20307146.0,4663090.0,6272318.0,26579464.0
2025-01-01,3599978.0,96376.0,3503602.0,104294.0,948414.0,2651712.0,20433390.0,4652687.0,6259608.0,26692999.0
2025-02-01,3651428.0,93596.0,3557833.0,113312.0,947488.0,2664975.0,20577221.0,4712229.0,6336120.0,26913341.0
2025-03-01,3724448.0,93696.0,3630751.0,113307.0,991488.0,2840023.0,20702508.0,4829243.0,6584081.0,27286589.0
2025-04-01,3787473.0,93720.0,3693753.0,103750.0,969883.0,2782612.0,21050572.0,4861106.0,6580115.0,27630687.0
2025-05-01,3835798.0,98902.0,3736896.0,110133.0,1016571.0,3131530.0,21011378.0,4962501.0,6978559.0,27989937.0
2025-06-01,3821227.0,98575.0,3722652.0,108697.0,994142.0,3215375.0,21183730.0,4924066.0,7046725.0,28230456.0
2025-07-01,3801799.0,94341.0,3707458.0,107642.0,978898.0,3018666.0,21306108.0,4888339.0,6833766.0,28139873.0
2025-08-01,3811491.0,95755.0,3715737.0,109645.0,993927.0,3032395.0,21450604.0,4915063.0,6857777.0,28308381.0
2025-09-01,3800152.0,93464.0,3706688.0,116503.0,942717.0,3004840.0,21522189.0,4859372.0,6828031.0,28350221.0
2025-10-01,3820225.0,99680.0,3720545.0,115169.0,898457.0,3245815.0,21915977.0,4833851.0,7081529.0,28997506.0
2025-11-01,3866872.0,94838.0,3772033.0,117894.0,829653.0,3157676.0,22088554.0,4814418.0,7047603.0,29136157.0
2025-12-01,3923523.0,95160.0,3828363.0,114999.0,760614.0,3422664.0,22432527.0,4799135.0,7366026.0,29798552.0
2026-01-01,4000947.0,92156.0,3908791.0,117267.0,804977.0,3288801.0,22590697.0,4923190.0,7314859.0,29905555.0
2026-02-01,4075369.0,86851.0,3988518.0,117922.0,796087.0,3370574.0,22823514.0,4989378.0,7477014.0,30300528.0
2026-03-01,4165573.0,100085.0,4065488.0,132134.0,810124.0,3844879.0,23410625.0,5107831.0,8042501.0,31453126.0
2026-04-01,4253741.0,92628.0,4161114.0,119276.0,852399.0,3454810.0,23428777.0,5225416.0,7735200.0,31163977.0
2026-05-01,4301521.0,84340.0,4217181.0,127269.0,844179.0,3463466.0,23554135.0,5272969.0,7807915.0,31362050.0
