fiscal_year,fy_start,cic,cash_with_banks,currency_with_public,other_deposits_rbi,bankers_deposits_rbi,demand_deposits,time_deposits,reserve_money,m1,m3
1972-73,1972,5680.0,242.0,5438.0,58.0,295.0,4204.0,5313.0,6033.0,9700.0,15013.0
1973-74,1973,6595.0,274.0,6321.0,53.0,625.0,4826.0,6424.0,7273.0,11200.0,17624.0
1974-75,1974,6701.0,354.0,6347.0,75.0,828.0,5553.0,7574.0,7604.0,11975.0,19549.0
1975-76,1975,7053.0,348.0,6705.0,77.0,678.0,6543.0,9155.0,7808.0,13325.0,22480.0
1976-77,1976,8288.0,415.0,7873.0,121.0,1389.0,8030.0,11757.0,9798.0,16024.0,27781.0
1977-78,1977,9152.0,521.0,8631.0,70.0,1719.0,5687.0,18518.0,10941.0,14388.0,32906.0
1978-79,1978,10835.0,604.0,10231.0,166.0,3081.0,6895.0,22820.0,14082.0,17292.0,40112.0
1979-80,1979,12382.0,728.0,11654.0,391.0,3800.0,7955.0,27226.0,16573.0,20000.0,47226.0
1980-81,1980,14307.0,881.0,13426.0,411.0,4734.0,9587.0,32350.0,19452.0,23424.0,55774.0
1981-82,1981,15411.0,937.0,14474.0,168.0,5419.0,10295.0,37815.0,20998.0,24937.0,62752.0
1982-83,1982,17639.0,980.0,16659.0,186.0,5285.0,11690.0,44649.0,23110.0,28535.0,73184.0
1983-84,1983,20643.0,1040.0,19603.0,291.0,8060.0,13504.0,53127.0,28994.0,33398.0,86525.0
1984-85,1984,23875.0,1203.0,22672.0,595.0,10746.0,16648.0,63018.0,35216.0,39915.0,102933.0
1985-86,1985,26524.0,1465.0,25059.0,289.0,11352.0,18747.0,75299.0,38165.0,44095.0,119394.0
1986-87,1986,29913.0,1531.0,28382.0,309.0,14586.0,22825.0,90116.0,44808.0,51516.0,141632.0
1987-88,1987,35122.0,1563.0,33559.0,397.0,17970.0,24599.0,105720.0,53489.0,58555.0,164275.0
1988-89,1988,40119.0,1790.0,38329.0,694.0,22145.0,27763.0,126707.0,62958.0,66786.0,193493.0
1989-90,1989,48286.0,1986.0,46300.0,598.0,28707.0,34162.0,149890.0,77591.0,81060.0,230950.0
1990-91,1990,55282.0,2234.0,53048.0,674.0,31823.0,39170.0,172936.0,87779.0,92892.0,265828.0
1991-92,1991,63738.0,2640.0,61098.0,885.0,34882.0,52423.0,202643.0,99505.0,114406.0,317049.0
1992-93,1992,71326.0,3053.0,68273.0,1313.0,38140.0,54480.0,239950.0,110779.0,124066.0,364016.0
1993-94,1993,85396.0,3095.0,82301.0,2525.0,50751.0,65952.0,280306.0,138672.0,150778.0,431084.0
1994-95,1994,104681.0,4000.0,100681.0,3383.0,61218.0,88193.0,335338.0,169283.0,192257.0,527596.0
1995-96,1995,122569.0,4311.0,118258.0,3344.0,68544.0,93233.0,384356.0,194457.0,214835.0,599191.0
1996-97,1996,137217.0,5130.0,132087.0,3194.0,59574.0,105334.0,455397.0,199985.0,240615.0,696012.0
1997-98,1997,151056.0,5477.0,145579.0,3541.0,71806.0,118725.0,553488.0,226402.0,267845.0,821332.0
1998-99,1998,175846.0,6902.0,168944.0,3736.0,79703.0,136388.0,671892.0,259286.0,309068.0,980960.0
1999-00,1999,197061.0,7979.0,189082.0,3034.0,80460.0,149681.0,782378.0,280555.0,341796.0,1124174.0
2000-01,2000,218205.0,8654.0,209550.0,3613.0,81477.0,166270.0,933771.0,303295.0,379433.0,1313204.0
2001-02,2001,250974.0,10179.0,240794.0,2831.0,84147.0,179199.0,1075512.0,337952.0,422824.0,1498336.0
2002-03,2002,282473.0,10892.0,271581.0,3219.0,83346.0,198757.0,1244379.0,369038.0,473558.0,1717936.0
2003-04,2003,327028.0,12057.0,314971.0,5097.0,104365.0,258626.0,1426960.0,436490.0,578694.0,2005654.0
2004-05,2004,368661.0,12347.0,356314.0,6454.0,113996.0,286998.0,1595887.0,489111.0,649766.0,2245653.0
2005-06,2005,429578.0,17454.0,412124.0,6843.0,135511.0,407423.0,1893104.0,571932.0,826389.0,2719493.0
2006-07,2006,504099.0,21244.0,482854.0,7467.0,197295.0,477604.0,2342113.0,708861.0,967925.0,3310038.0
2007-08,2007,590801.0,22390.0,568410.0,9027.0,328447.0,578372.0,2862046.0,928275.0,1155810.0,4017855.0
2008-09,2008,691153.0,25703.0,665450.0,5533.0,291275.0,588688.0,3535105.0,987961.0,1259671.0,4794775.0
2009-10,2009,799549.0,32056.0,767492.0,3806.0,352299.0,717970.0,4113430.0,1155653.0,1489268.0,5602698.0
2010-11,2010,949659.0,37823.0,911836.0,3653.0,423509.0,722856.0,4865771.0,1376821.0,1638345.0,6504116.0
2011-12,2011,1067230.0,43560.0,1023670.0,2822.0,356291.0,710902.0,5647437.0,1426344.0,1737394.0,7384831.0
2012-13,2012,1190975.0,49914.0,1141061.0,3240.0,320671.0,753225.0,6492293.0,1514886.0,1897526.0,8389819.0
2013-14,2013,1301074.0,55255.0,1245819.0,1965.0,429703.0,811978.0,7457624.0,1732742.0,2059762.0,9517386.0
2014-15,2014,1448312.0,62131.0,1386182.0,14590.0,465561.0,891632.0,8257764.0,1928463.0,2292404.0,10550168.0
2015-16,2015,1663463.0,66209.0,1597254.0,15451.0,501826.0,989834.0,9015077.0,2180740.0,2602538.0,11617615.0
2016-17,2016,1335266.0,71142.0,1264124.0,21091.0,544127.0,1396741.0,10109983.0,1900485.0,2681957.0,12791940.0
2017-18,2017,1829348.0,69635.0,1759712.0,23907.0,565525.0,1483712.0,10695255.0,2418779.0,3267331.0,13962587.0
2018-19,2018,2136770.0,84561.0,2052209.0,31742.0,601969.0,1626512.0,11721603.0,2770481.0,3710464.0,15432067.0
2019-20,2019,2447312.0,97563.0,2349748.0,38507.0,543888.0,1737692.0,12674016.0,3029707.0,4125948.0,16799963.0
2020-21,2020,2853763.0,101935.0,2751828.0,47351.0,698867.0,1995120.0,14050278.0,3599981.0,4794299.0,18844578.0
2021-22,2021,3133716.0,98028.0,3035689.0,58444.0,876726.0,2212992.0,15186605.0,4068887.0,5307125.0,20493729.0
2022-23,2022,3378521.0,102085.0,3276436.0,77761.0,930477.0,2320598.0,16668966.0,4386759.0,5674795.0,22343760.0
2023-24,2023,3511461.0,101185.0,3410276.0,94536.0,1025449.0,2586888.0,18848160.0,4631446.0,6091700.0,24939860.0
2024-25,2024,3724448.0,93696.0,3630751.0,113307.0,991488.0,2840023.0,20702508.0,4829243.0,6584081.0,27286589.0
2025-26,2025,4165573.0,100085.0,4065488.0,132134.0,810124.0,3844879.0,23410625.0,5107831.0,8042501.0,31453126.0
