fiscal_year,fy_start,item,value_crore,volume_lakh,code,system
2021-22,2021,1. Large Value Credit Transfers - RTGS,128657516.0,2078.0,1,Large Value Credit Transfers - RTGS
2021-22,2021,2. Credit Transfers,42728006.0,577935.0,2,Credit Transfers
2021-22,2021,2.1 AePS (Fund Transfers),575.0,10.0,2.1,AePS (Fund Transfers)
2021-22,2021,2.2 APBS,133345.0,12573.0,2.2,APBS
2021-22,2021,2.3 ECS Cr,0.0,0.0,2.3,ECS Cr
2021-22,2021,2.4 IMPS,4171037.0,46625.0,2.4,IMPS
2021-22,2021,2.5 NACH Cr,1281685.0,18758.0,2.5,NACH Cr
2021-22,2021,2.6 NEFT,28725463.0,40407.0,2.6,NEFT
2021-22,2021,2.7 UPI,8415900.0,459561.0,2.7,UPI
2021-22,2021,3. Debit Transfers and Direct Debits,1034444.0,12189.0,3,Debit Transfers and Direct Debits
2021-22,2021,3.1 BHIM Aadhaar Pay,6113.0,228.0,3.1,BHIM Aadhaar Pay
2021-22,2021,3.2 ECS Dr,0.0,0.0,3.2,ECS Dr
2021-22,2021,3.3 NACH Dr,1026641.0,10755.0,3.3,NACH Dr
2021-22,2021,3.4 NETC (linked to bank account),1689.0,1207.0,3.4,NETC (linked to bank account)
2021-22,2021,4. Card Payments,1701851.0,61783.0,4,Card Payments
2021-22,2021,4.1 Credit Cards,971638.0,22399.0,4.1,Credit Cards
2021-22,2021,4.2 Debit Cards,730213.0,39384.0,4.2,Debit Cards
2021-22,2021,5. Prepaid Payment Instruments,279416.0,65783.0,5,Prepaid Payment Instruments
2021-22,2021,6. Paper-based Instruments,6650333.0,6999.0,6,Paper-based Instruments
2021-22,2021,CCIL Operated Systems,206873112.0,33.0,,CCIL Operated Systems
2021-22,2021,Total - Retail Payments (2+3+4+5+6),52394049.0,724689.0,,Total - Retail Payments (2+3+4+5+6)
2021-22,2021,Total Digital Payments (1+2+3+4+5),174401233.0,719768.0,,Total Digital Payments (1+2+3+4+5)
2021-22,2021,Total Payments (1+2+3+4+5+6),181051565.0,726767.0,,Total Payments (1+2+3+4+5+6)
2022-23,2022,1. Large Value Credit Transfers - RTGS,149946286.0,2426.0,1,Large Value Credit Transfers - RTGS
2022-23,2022,2. Credit Transfers,55009620.0,983621.0,2,Credit Transfers
2022-23,2022,2.1 AePS (Fund Transfers),356.0,6.0,2.1,AePS (Fund Transfers)
2022-23,2022,2.2 APBS,247535.0,17834.0,2.2,APBS
2022-23,2022,2.3 ECS Cr,0.0,0.0,2.3,ECS Cr
2022-23,2022,2.4 IMPS,5585441.0,56533.0,2.4,IMPS
2022-23,2022,2.5 NACH Cr,1541815.0,19257.0,2.5,NACH Cr
2022-23,2022,2.6 NEFT,33719541.0,52847.0,2.6,NEFT
2022-23,2022,2.7 UPI,13914932.0,837144.0,2.7,UPI
2022-23,2022,3. Debit Transfers and Direct Debits,1289611.0,15343.0,3,Debit Transfers and Direct Debits
2022-23,2022,3.1 BHIM Aadhaar Pay,6791.0,214.0,3.1,BHIM Aadhaar Pay
2022-23,2022,3.2 ECS Dr,0.0,0.0,3.2,ECS Dr
2022-23,2022,3.3 NACH Dr,1280219.0,13503.0,3.3,NACH Dr
2022-23,2022,3.4 NETC (linked to bank account),2601.0,1626.0,3.4,NETC (linked to bank account)
2022-23,2022,4. Card Payments,2152245.0,63325.0,4,Card Payments
2022-23,2022,4.1 Credit Cards,1432255.0,29145.0,4.1,Credit Cards
2022-23,2022,4.2 Debit Cards,719989.0,34179.0,4.2,Debit Cards
2022-23,2022,5. Prepaid Payment Instruments,287111.0,74667.0,5,Prepaid Payment Instruments
2022-23,2022,6. Paper-based Instruments,7172904.0,7109.0,6,Paper-based Instruments
2022-23,2022,CCIL Operated Systems,258797336.0,41.0,,CCIL Operated Systems
2022-23,2022,Total - Retail Payments (2+3+4+5+6),65911490.0,1144065.0,,Total - Retail Payments (2+3+4+5+6)
2022-23,2022,Total Digital Payments (1+2+3+4+5),208684872.0,1139382.0,,Total Digital Payments (1+2+3+4+5)
2022-23,2022,Total Payments (1+2+3+4+5+6),215857776.0,1146491.0,,Total Payments (1+2+3+4+5+6)
2023-24,2023,1. Large Value Credit Transfers - RTGS,170886670.0,2700.0,1,Large Value Credit Transfers - RTGS
2023-24,2023,2. Credit Transfers,67542859.0,1486107.0,2,Credit Transfers
2023-24,2023,2.1 AePS (Fund Transfers),261.0,4.0,2.1,AePS (Fund Transfers)
2023-24,2023,2.2 APBS,390743.0,25888.0,2.2,APBS
2023-24,2023,2.3 ECS Cr,0.0,0.0,2.3,ECS Cr
2023-24,2023,2.4 IMPS,6495652.0,60053.0,2.4,IMPS
2023-24,2023,2.5 NACH Cr,1525104.0,16227.0,2.5,NACH Cr
2023-24,2023,2.6 NEFT,39136014.0,72640.0,2.6,NEFT
2023-24,2023,2.7 UPI,19995086.0,1311295.0,2.7,UPI
2023-24,2023,3. Debit Transfers and Direct Debits,1687658.0,18250.0,3,Debit Transfers and Direct Debits
2023-24,2023,3.1 BHIM Aadhaar Pay,6112.0,194.0,3.1,BHIM Aadhaar Pay
2023-24,2023,3.2 ECS Dr,0.0,0.0,3.2,ECS Dr
2023-24,2023,3.3 NACH Dr,1678769.0,16426.0,3.3,NACH Dr
2023-24,2023,3.4 NETC (linked to bank account),2777.0,1629.0,3.4,NETC (linked to bank account)
2023-24,2023,4. Card Payments,2423563.0,58470.0,4,Card Payments
2023-24,2023,4.1 Credit Cards,1831134.0,35610.0,4.1,Credit Cards
2023-24,2023,4.2 Debit Cards,592429.0,22860.0,4.2,Debit Cards
2023-24,2023,5. Prepaid Payment Instruments,283048.0,78775.0,5,Prepaid Payment Instruments
2023-24,2023,6. Paper-based Instruments,7212333.0,6632.0,6,Paper-based Instruments
2023-24,2023,CCIL Operated Systems,259206893.0,43.0,,CCIL Operated Systems
2023-24,2023,Total - Retail Payments (2+3+4+5+6),79149461.0,1648234.0,,Total - Retail Payments (2+3+4+5+6)
2023-24,2023,Total Digital Payments (1+2+3+4+5),242823799.0,1644302.0,,Total Digital Payments (1+2+3+4+5)
2023-24,2023,Total Payments (1+2+3+4+5+6),250036131.0,1650934.0,,Total Payments (1+2+3+4+5+6)
2024-25,2024,1. Large Value Credit Transfers - RTGS,201387682.0,3025.0,1,Large Value Credit Transfers - RTGS
2024-25,2024,2. Credit Transfers,79881976.0,2061015.0,2,Credit Transfers
2024-25,2024,2.1 AePS (Fund Transfers),190.0,4.0,2.1,AePS (Fund Transfers)
2024-25,2024,2.2 APBS,554034.0,32964.0,2.2,APBS
2024-25,2024,2.3 ECS Cr,0.0,0.0,2.3,ECS Cr
2024-25,2024,2.4 IMPS,7139110.0,56250.0,2.4,IMPS
2024-25,2024,2.5 NACH Cr,1670223.0,16939.0,2.5,NACH Cr
2024-25,2024,2.6 NEFT,44461464.0,96198.0,2.6,NEFT
2024-25,2024,2.7 UPI,26056955.0,1858660.0,2.7,UPI
2024-25,2024,3. Debit Transfers and Direct Debits,2208583.0,21660.0,3,Debit Transfers and Direct Debits
2024-25,2024,3.1 BHIM Aadhaar Pay,6907.0,230.0,3.1,BHIM Aadhaar Pay
2024-25,2024,3.2 ECS Dr,0.0,0.0,3.2,ECS Dr
2024-25,2024,3.3 NACH Dr,2199327.0,19762.0,3.3,NACH Dr
2024-25,2024,3.4 NETC (linked to bank account),2349.0,1668.0,3.4,NETC (linked to bank account)
2024-25,2024,4. Card Payments,2605110.0,63861.0,4,Card Payments
2024-25,2024,4.1 Credit Cards,2109197.0,47741.0,4.1,Credit Cards
2024-25,2024,4.2 Debit Cards,495914.0,16120.0,4.2,Debit Cards
2024-25,2024,5. Prepaid Payment Instruments,216751.0,70254.0,5,Prepaid Payment Instruments
2024-25,2024,6. Paper-based Instruments,7113350.0,6095.0,6,Paper-based Instruments
2024-25,2024,CCIL Operated Systems,296218030.0,47.0,,CCIL Operated Systems
2024-25,2024,Total - Retail Payments (2+3+4+5+6),92025771.0,2222885.0,,Total - Retail Payments (2+3+4+5+6)
2024-25,2024,Total Digital Payments (1+2+3+4+5),286300103.0,2219815.0,,Total Digital Payments (1+2+3+4+5)
2024-25,2024,Total Payments (1+2+3+4+5+6),293413453.0,2225910.0,,Total Payments (1+2+3+4+5+6)
2025-26,2025,1. Large Value Credit Transfers - RTGS,227372648.0,3500.0,1,Large Value Credit Transfers - RTGS
2025-26,2025,2. Credit Transfers,91939186.0,2618738.0,2,Credit Transfers
2025-26,2025,2.1 AePS (Fund Transfers),170.0,3.0,2.1,AePS (Fund Transfers)
2025-26,2025,2.2 APBS,717040.0,33854.0,2.2,APBS
2025-26,2025,2.3 ECS Cr,0.0,0.0,2.3,ECS Cr
2025-26,2025,2.4 IMPS,7669929.0,49431.0,2.4,IMPS
2025-26,2025,2.5 NACH Cr,1902293.0,18284.0,2.5,NACH Cr
2025-26,2025,2.6 NEFT,50226505.0,100996.0,2.6,NEFT
2025-26,2025,2.7 UPI,31423250.0,2416169.0,2.7,UPI
2025-26,2025,3. Debit Transfers and Direct Debits,2697355.0,23471.0,3,Debit Transfers and Direct Debits
2025-26,2025,3.1 BHIM Aadhaar Pay,7739.0,232.0,3.1,BHIM Aadhaar Pay
2025-26,2025,3.2 ECS Dr,0.0,0.0,3.2,ECS Dr
2025-26,2025,3.3 NACH Dr,2687459.0,21614.0,3.3,NACH Dr
2025-26,2025,3.4 NETC (linked to bank account),2157.0,1625.0,3.4,NETC (linked to bank account)
2025-26,2025,4. Card Payments,2807946.0,73040.0,4,Card Payments
2025-26,2025,4.1 Credit Cards,2362471.0,60238.0,4.1,Credit Cards
2025-26,2025,4.2 Debit Cards,445475.0,12802.0,4.2,Debit Cards
2025-26,2025,5. Prepaid Payment Instruments,286429.0,98699.0,5,Prepaid Payment Instruments
2025-26,2025,6. Paper-based Instruments,7147568.0,5588.0,6,Paper-based Instruments
2025-26,2025,CCIL Operated Systems,367014602.0,57.0,,CCIL Operated Systems
2025-26,2025,Total - Retail Payments (2+3+4+5+6),104878484.0,2819536.0,,Total - Retail Payments (2+3+4+5+6)
2025-26,2025,Total Digital Payments (1+2+3+4+5),325103565.0,2817448.0,,Total Digital Payments (1+2+3+4+5)
2025-26,2025,Total Payments (1+2+3+4+5+6),332251133.0,2823036.0,,Total Payments (1+2+3+4+5+6)
